{"cameraMode":{"drawMode":0,"name":"Shaded","section":"Shading Mode"},"sceneLighting":true,"audioPlay":false,"sceneViewState":{"showFog":true,"showMaterialUpdate":false,"showSkybox":true,"showFlares":true,"showImageEffects":true,"showParticleSystems":true,"showVisualEffectGraphs":true,"m_FxEnabled":false},"in2DMode":false,"pivot":{"x":23.59061622619629,"y":18.418304443359376,"z":-0.49479103088378909},"rotation":{"x":0.6972920894622803,"y":0.0023776774760335685,"z":-0.0023118085227906706,"w":0.716800332069397},"size":59.478694915771487,"orthographic":false}