{"cameraMode":{"drawMode":0,"name":"Shaded","section":"Shading Mode"},"sceneLighting":true,"audioPlay":false,"sceneViewState":{"showFog":true,"showMaterialUpdate":false,"showSkybox":true,"showFlares":true,"showImageEffects":true,"showParticleSystems":true,"showVisualEffectGraphs":true,"m_FxEnabled":false},"in2DMode":false,"pivot":{"x":23.59061622619629,"y":18.418304443359376,"z":-0.49479103088378909},"rotation":{"x":0.11280368268489838,"y":-0.6890119910240173,"z":0.10984154045581818,"w":0.7074630260467529},"size":170.7443389892578,"orthographic":true}